{"cameraMode":{"drawMode":0,"name":"Shaded","section":"Shading Mode"},"sceneLighting":true,"audioPlay":false,"sceneViewState":{"showFog":true,"showMaterialUpdate":false,"showSkybox":true,"showFlares":true,"showImageEffects":true,"showParticleSystems":true,"showVisualEffectGraphs":true,"m_FxEnabled":true},"in2DMode":false,"pivot":{"x":0.9804685115814209,"y":2.5428380966186525,"z":-5.527186393737793},"rotation":{"x":0.012684540823101998,"y":-0.986619234085083,"z":0.13231109082698823,"w":0.09461629390716553},"size":2.4633290767669679,"orthographic":false}